Pint Pot,Boldmere Lounge,2024-10-02,Division 2
The Greyhound,Digby Dogs,2024-10-01,Division 2
Boldmere Sports Soc,Sutton Sports,2024-10-01,Division 2
ALL 4 ONE,Hollyfields,2024-10-03,Division 2
The Hounds,Second City,2024-10-02,Division 2
X,Beggars Bush,2024-10-01,Division 2
Digby Dogs,Pint Pot,2024-10-09,Division 2
Sutton Sports,The Greyhound,2024-10-09,Division 2
Hollyfields,Boldmere Sports Soc,2024-10-09,Division 2
Second City,ALL 4 ONE,2024-10-09,Division 2
Beggars Bush,The Hounds,2024-10-10,Division 2
Boldmere Lounge,X,2024-10-09,Division 2
Digby Dogs,Sutton Sports,2024-10-16,Division 2
Hollyfields,Second City,2024-10-16,Division 2
Boldmere Lounge,Beggars Bush,2024-10-16,Division 2
Pint Pot,The Greyhound,2024-10-16,Division 2
Boldmere Sports Soc,ALL 4 ONE,2024-10-15,Division 2
The Hounds,X,2024-10-16,Division 2
Sutton Sports,Hollyfields,2024-11-06,Division 2
Second City,Digby Dogs,2024-11-06,Division 2
Boldmere Lounge,Boldmere Sports Soc,2024-11-06,Division 2
The Greyhound,Beggars Bush,2024-11-05,Division 2
ALL 4 ONE,The Hounds,2024-11-07,Division 2
X,Pint Pot,2024-11-05,Division 2
Digby Dogs,X,2024-11-13,Division 2
Pint Pot,Second City,2024-11-13,Division 2
Hollyfields,The Greyhound,2024-11-13,Division 2
Beggars Bush,Boldmere Sports Soc,2024-11-14,Division 2
The Hounds,Sutton Sports,2024-11-13,Division 2
ALL 4 ONE,Boldmere Lounge,2024-11-12,Division 2
Pint Pot,The Hounds,2024-11-20,Division 2
X,ALL 4 ONE,2024-11-19,Division 2
Hollyfields,Beggars Bush,2024-11-20,Division 2
Sutton Sports,Boldmere Lounge,2024-11-20,Division 2
The Greyhound,Second City,2024-11-19,Division 2
Boldmere Sports Soc,Digby Dogs,2024-11-19,Division 2
ALL 4 ONE,Pint Pot,2024-12-05,Division 2
Boldmere Lounge,Digby Dogs,2024-12-04,Division 2
X,Hollyfields,2024-12-03,Division 2
Beggars Bush,Sutton Sports,2024-12-05,Division 2
Second City,Boldmere Sports Soc,2024-12-04,Division 2
The Hounds,The Greyhound,2024-12-04,Division 2
Sutton Sports,ALL 4 ONE,2024-12-11,Division 2
Pint Pot,Hollyfields,2024-12-11,Division 2
Beggars Bush,Digby Dogs,2024-12-12,Division 2
Boldmere Lounge,Second City,2024-12-11,Division 2
X,The Greyhound,2024-12-10,Division 2
The Hounds,Boldmere Sports Soc,2024-12-11,Division 2
Digby Dogs,The Hounds,2025-01-08,Division 2
Second City,Sutton Sports,2025-01-08,Division 2
Hollyfields,Boldmere Lounge,2025-01-08,Division 2
Beggars Bush,Pint Pot,2025-01-09,Division 2
The Greyhound,ALL 4 ONE,2025-01-07,Division 2
Boldmere Sports Soc,X,2025-01-07,Division 2
Digby Dogs,Hollyfields,2025-01-15,Division 2
Sutton Sports,Pint Pot,2025-01-15,Division 2
Second City,X,2025-01-15,Division 2
ALL 4 ONE,Beggars Bush,2025-01-16,Division 2
The Hounds,Boldmere Lounge,2025-01-15,Division 2
Boldmere Sports Soc,The Greyhound,2025-01-14,Division 2
Hollyfields,The Hounds,2025-01-22,Division 2
Beggars Bush,Second City,2025-01-23,Division 2
The Greyhound,Boldmere Lounge,2025-01-21,Division 2
Boldmere Sports Soc,Pint Pot,2025-01-21,Division 2
ALL 4 ONE,Digby Dogs,2025-01-23,Division 2
X,Sutton Sports,2025-01-21,Division 2
Pint Pot,Digby Dogs,2025-02-12,Division 2
The Greyhound,Sutton Sports,2025-02-11,Division 2
Boldmere Sports Soc,Hollyfields,2025-02-11,Division 2
ALL 4 ONE,Second City,2025-02-13,Division 2
The Hounds,Beggars Bush,2025-02-12,Division 2
The Boot,Boldmere Lounge,2025-02-13,Division 2
Boldmere Lounge,Pint Pot,2025-02-19,Division 2
Digby Dogs,The Greyhound,2025-02-19,Division 2
Sutton Sports,Boldmere Sports Soc,2025-02-19,Division 2
Hollyfields,ALL 4 ONE,2025-02-19,Division 2
Second City,The Hounds,2025-02-19,Division 2
Beggars Bush,The Boot,2025-02-20,Division 2
Sutton Sports,Digby Dogs,2025-03-05,Division 2
Second City,Hollyfields,2025-03-05,Division 2
Beggars Bush,Boldmere Lounge,2025-03-06,Division 2
The Greyhound,Pint Pot,2025-03-04,Division 2
ALL 4 ONE,Boldmere Sports Soc,2025-03-06,Division 2
The Boot,The Hounds,2025-03-06,Division 2
Hollyfields,Sutton Sports,2025-03-19,Division 2
Digby Dogs,Second City,2025-03-19,Division 2
Boldmere Sports Soc,Boldmere Lounge,2025-03-18,Division 2
Beggars Bush,The Greyhound,2025-03-20,Division 2
The Hounds,ALL 4 ONE,2025-03-19,Division 2
Pint Pot,The Boot,2025-03-19,Division 2
The Boot,Digby Dogs,2025-04-03,Division 2
Second City,Pint Pot,2025-04-02,Division 2
The Greyhound,Hollyfields,2025-04-01,Division 2
Boldmere Sports Soc,Beggars Bush,2025-04-01,Division 2
Sutton Sports,The Hounds,2025-04-02,Division 2
Boldmere Lounge,ALL 4 ONE,2025-04-02,Division 2
The Hounds,Pint Pot,2025-04-09,Division 2
ALL 4 ONE,The Boot,2025-04-10,Division 2
Beggars Bush,Hollyfields,2025-04-10,Division 2
Boldmere Lounge,Sutton Sports,2025-04-09,Division 2
Second City,The Greyhound,2025-04-09,Division 2
Digby Dogs,Boldmere Sports Soc,2025-04-09,Division 2
Pint Pot,ALL 4 ONE,2025-04-16,Division 2
Digby Dogs,Boldmere Lounge,2025-04-16,Division 2
Hollyfields,The Boot,2025-04-16,Division 2
Sutton Sports,Beggars Bush,2025-04-16,Division 2
Boldmere Sports Soc,Second City,2025-04-15,Division 2
The Greyhound,The Hounds,2025-04-15,Division 2
The Hounds,Digby Dogs,2025-04-23,Division 2
Sutton Sports,Second City,2025-04-23,Division 2
Boldmere Lounge,Hollyfields,2025-04-23,Division 2
Pint Pot,Beggars Bush,2025-04-23,Division 2
ALL 4 ONE,The Greyhound,2025-04-24,Division 2
The Boot,Boldmere Sports Soc,2025-04-24,Division 2
ALL 4 ONE,Sutton Sports,2025-05-01,Division 2
Hollyfields,Pint Pot,2025-04-30,Division 2
Digby Dogs,Beggars Bush,2025-04-30,Division 2
Second City,Boldmere Lounge,2025-04-30,Division 2
The Greyhound,The Boot,2025-04-29,Division 2
Boldmere Sports Soc,The Hounds,2025-04-29,Division 2
Hollyfields,Digby Dogs,2025-05-07,Division 2
Pint Pot,Sutton Sports,2025-05-07,Division 2
The Boot,Second City,2025-05-08,Division 2
Beggars Bush,ALL 4 ONE,2025-05-08,Division 2
Boldmere Lounge,The Hounds,2025-05-07,Division 2
The Greyhound,Boldmere Sports Soc,2025-05-06,Division 2
The Hounds,Hollyfields,2025-05-14,Division 2
Second City,Beggars Bush,2025-05-14,Division 2
Boldmere Lounge,The Greyhound,2025-05-14,Division 2
Pint Pot,Boldmere Sports Soc,2025-05-14,Division 2
Digby Dogs,ALL 4 ONE,2025-05-14,Division 2
Sutton Sports,The Boot,2025-05-14,Division 2
